/*
SQLyog Ultimate v12.08 (64 bit)
MySQL - 8.0.26 : Database - sgnInSys
*********************************************************************
*/

/*!40101 SET NAMES utf8 */;

/*!40101 SET SQL_MODE=''*/;

/*!40014 SET @OLD_UNIQUE_CHECKS=@@UNIQUE_CHECKS, UNIQUE_CHECKS=0 */;
/*!40014 SET @OLD_FOREIGN_KEY_CHECKS=@@FOREIGN_KEY_CHECKS, FOREIGN_KEY_CHECKS=0 */;
/*!40101 SET @OLD_SQL_MODE=@@SQL_MODE, SQL_MODE='NO_AUTO_VALUE_ON_ZERO' */;
/*!40111 SET @OLD_SQL_NOTES=@@SQL_NOTES, SQL_NOTES=0 */;
CREATE DATABASE /*!32312 IF NOT EXISTS*/`sgnInSys` /*!40100 DEFAULT CHARACTER SET utf8mb4 COLLATE utf8mb4_0900_ai_ci */ /*!80016 DEFAULT ENCRYPTION='N' */;

USE `sgnInSys`;

/*Table structure for table `checkin` */

DROP TABLE IF EXISTS `checkin`;

CREATE TABLE `checkin` (
  `checkin_id` varchar(191) NOT NULL,
  `creator_id` longtext,
  `lesson_id` longtext,
  `begin_time` datetime(3) DEFAULT NULL,
  `end_time` datetime(3) DEFAULT NULL,
  `checkin_code` longtext,
  `longitude` longtext,
  `latitude` longtext,
  `created_at` datetime(3) DEFAULT NULL,
  `updated_at` datetime(3) DEFAULT NULL,
  `deleted_at` datetime(3) DEFAULT NULL,
  PRIMARY KEY (`checkin_id`)
) ENGINE=InnoDB DEFAULT CHARSET=utf8mb4 COLLATE=utf8mb4_0900_ai_ci;

/*Data for the table `checkin` */

insert  into `checkin`(`checkin_id`,`creator_id`,`lesson_id`,`begin_time`,`end_time`,`checkin_code`,`longitude`,`latitude`,`created_at`,`updated_at`,`deleted_at`) values ('032e78bd-ebfd-4787-8ef4-6f7e834341c8','c91da185-b87c-4d10-b0d0-90f34a5e0fdd','a5914930-639c-4114-8508-902fc3f6e5ea','2022-05-14 15:33:26.241','2022-05-14 15:38:26.241','541764','113.92675','35.30323','2022-05-14 15:33:26.241','2022-05-14 15:33:26.241',NULL),('04e05f8c-729d-4c73-bfaa-ea7da23527d6','a4072f84-e09f-4fb2-b497-c1b58b9dbdca','73e93e45-1e96-4da3-a15e-97a386039f17','2022-05-24 09:33:25.171','2022-05-24 10:33:25.171','154198','118.84002','31.95266','2022-05-24 09:33:25.171','2022-05-24 09:33:25.171',NULL),('06757446-94ad-420a-899f-fd04a938b4ea','a4072f84-e09f-4fb2-b497-c1b58b9dbdca','b3c9b9b5-8770-4971-887a-a6d36784ae7d','2022-05-18 15:11:21.277','2022-05-18 15:16:21.277','841374','113.92675','35.30323','2022-05-18 15:11:21.277','2022-05-18 15:11:21.277',NULL),('0f36e492-1958-4a3a-881e-a98eba1be2d8','c91da185-b87c-4d10-b0d0-90f34a5e0fdd','a5914930-639c-4114-8508-902fc3f6e5ea','2022-05-14 19:41:04.064','2022-05-14 19:46:04.064','168031','113.92675','35.30323','2022-05-14 19:41:04.065','2022-05-14 19:41:04.065',NULL),('1037f192-4b55-4365-a73f-bed6857c11fe','c91da185-b87c-4d10-b0d0-90f34a5e0fdd','a5914930-639c-4114-8508-902fc3f6e5ea','2022-05-14 15:33:18.504','2022-05-14 15:38:18.504','586263','113.92675','35.30323','2022-05-14 15:33:18.504','2022-05-14 15:33:18.504',NULL),('1ab557b4-b0d6-4e22-8e4c-e5d08a0166aa','f56772b2-13e3-4162-9cee-eea83e2fff40','a5914930-639c-4114-8508-902fc3f6e5ea','2022-05-13 16:43:36.571','2022-05-13 18:13:36.571','666','45.45','123.123','2022-05-13 16:43:36.690','2022-05-13 16:43:36.690',NULL),('1eea5584-5cc4-4545-ab03-5b04a4611951','c91da185-b87c-4d10-b0d0-90f34a5e0fdd','a5914930-639c-4114-8508-902fc3f6e5ea','2022-05-14 15:32:30.037','2022-05-14 15:37:30.037','957762','null','null','2022-05-14 15:32:30.037','2022-05-14 15:32:30.037',NULL),('209c5b8d-af66-4ef8-b782-707a795a38ff','a4072f84-e09f-4fb2-b497-c1b58b9dbdca','c2879ba8-8cef-40c8-9cb0-6638ad50ca67','2022-05-17 19:19:56.290','2022-05-17 19:24:56.290','492166','113.87523','35.30351','2022-05-17 19:19:56.290','2022-05-17 19:19:56.290',NULL),('221d977b-41f0-4071-bc3f-3491eac3d482','f56772b2-13e3-4162-9cee-eea83e2fff40','a5914930-639c-4114-8508-902fc3f6e5ea','2022-05-13 17:32:50.221','2022-05-13 19:02:50.221','666','45.45','123.123','2022-05-13 17:32:50.222','2022-05-13 17:32:50.222',NULL),('2788e941-3bbf-41d1-b27d-4a6990769e72','c91da185-b87c-4d10-b0d0-90f34a5e0fdd','a5914930-639c-4114-8508-902fc3f6e5ea','2022-05-14 19:39:14.308','2022-05-14 19:44:14.308','847753','113.92675','35.30323','2022-05-14 19:39:14.308','2022-05-14 19:39:14.308',NULL),('28a63c12-a7a0-408d-9436-1415e6a1435e','c91da185-b87c-4d10-b0d0-90f34a5e0fdd','a5914930-639c-4114-8508-902fc3f6e5ea','2022-05-14 15:30:35.461','2022-05-14 15:35:35.461','342557','113.92675','35.30323','2022-05-14 15:30:35.461','2022-05-14 15:30:35.461',NULL),('2fb8aa80-c792-4957-9db7-70dfd7233061','c91da185-b87c-4d10-b0d0-90f34a5e0fdd','a5914930-639c-4114-8508-902fc3f6e5ea','2022-05-14 21:18:09.339','2022-05-14 21:23:09.339','662699','113.92675','35.30323','2022-05-14 21:18:09.339','2022-05-14 21:18:09.339',NULL),('3024082d-ddbd-4abe-b342-c160a4389d4f','a4072f84-e09f-4fb2-b497-c1b58b9dbdca','a8673ea0-a117-4b4b-8c4e-26e8d11ab165','2022-05-23 11:13:42.024','2022-05-23 11:18:42.024','823076','118.84002','31.95266','2022-05-23 11:13:42.024','2022-05-23 11:13:42.024',NULL),('3821e1d4-a575-4edc-bc77-265dc4ff5ea6','c91da185-b87c-4d10-b0d0-90f34a5e0fdd','a5914930-639c-4114-8508-902fc3f6e5ea','2022-05-14 15:16:38.560','2022-05-14 15:21:38.560','610683','113.92675','35.30323','2022-05-14 15:16:38.560','2022-05-14 15:16:38.560',NULL),('3dbd2ae6-3c43-4a33-bbba-a51a7b3f2c84','c91da185-b87c-4d10-b0d0-90f34a5e0fdd','a5914930-639c-4114-8508-902fc3f6e5ea','2022-05-14 19:50:17.504','2022-05-14 19:55:17.504','20750','113.92675','35.30323','2022-05-14 19:50:17.504','2022-05-14 19:50:17.504',NULL),('3e516b1f-adb3-4b87-8e0c-59002d62625e','c91da185-b87c-4d10-b0d0-90f34a5e0fdd','a5914930-639c-4114-8508-902fc3f6e5ea','2022-05-14 20:04:00.326','2022-05-14 20:09:00.326','119927','113.92675','35.30323','2022-05-14 20:04:00.326','2022-05-14 20:04:00.326',NULL),('4afff550-0c23-4393-8e0e-b84563f8c7d0','c91da185-b87c-4d10-b0d0-90f34a5e0fdd','a5914930-639c-4114-8508-902fc3f6e5ea','2022-05-15 08:46:17.289','2022-05-15 08:56:17.289','95571','113.87523','35.30351','2022-05-15 08:46:17.289','2022-05-15 08:46:17.289',NULL),('5b917c5a-1b61-4863-9fcd-e8616cb28b1e','a4072f84-e09f-4fb2-b497-c1b58b9dbdca','a8673ea0-a117-4b4b-8c4e-26e8d11ab165','2022-05-23 11:24:17.156','2022-05-23 11:29:17.156','386086','118.84002','31.95266','2022-05-23 11:24:17.156','2022-05-23 11:24:17.156',NULL),('62ce60d7-bb0d-484c-a735-4d6f0cd9d256','c91da185-b87c-4d10-b0d0-90f34a5e0fdd','a5914930-639c-4114-8508-902fc3f6e5ea','2022-05-14 20:45:56.995','2022-05-14 21:45:56.995','666','123.123','23.23','2022-05-14 20:45:56.995','2022-05-14 20:45:56.995',NULL),('79a42c1a-0eb1-4ad5-a422-212b4f19db43','f56772b2-13e3-4162-9cee-eea83e2fff40','a5914930-639c-4114-8508-902fc3f6e5ea','2022-05-14 20:28:04.864','2022-05-14 21:58:04.864','666','45.45','123.123','2022-05-14 20:28:04.864','2022-05-14 20:28:04.864',NULL),('7a8913ee-012c-437d-a2ed-71f2ba0306ce','c91da185-b87c-4d10-b0d0-90f34a5e0fdd','a5914930-639c-4114-8508-902fc3f6e5ea','2022-05-14 19:42:06.988','2022-05-14 19:47:06.988','458314','113.92675','35.30323','2022-05-14 19:42:06.988','2022-05-14 19:42:06.988',NULL),('7e24dc55-3efa-4704-bb89-f39262b7cab3','c91da185-b87c-4d10-b0d0-90f34a5e0fdd','a5914930-639c-4114-8508-902fc3f6e5ea','2022-05-15 08:45:05.211','2022-05-15 09:45:05.211','925856','113.87523','35.30351','2022-05-15 08:45:05.211','2022-05-15 08:45:05.211',NULL),('7e9ba1de-9848-4345-ac2c-7171e1918b05','a4072f84-e09f-4fb2-b497-c1b58b9dbdca','c2879ba8-8cef-40c8-9cb0-6638ad50ca67','2022-05-17 17:29:19.681','2022-05-17 17:59:19.681','358868','113.87523','35.30351','2022-05-17 17:29:19.681','2022-05-17 17:29:19.681',NULL),('8a9b34bc-b6de-4333-b564-b13a29ddf2cd','a4072f84-e09f-4fb2-b497-c1b58b9dbdca','a8673ea0-a117-4b4b-8c4e-26e8d11ab165','2022-05-15 14:52:36.007','2022-05-15 14:57:36.007','830432','113.87523','35.30351','2022-05-15 14:52:36.007','2022-05-15 14:52:36.007',NULL),('8a9e45a8-7f21-4347-ac0f-356262fdbc0a','c91da185-b87c-4d10-b0d0-90f34a5e0fdd','a5914930-639c-4114-8508-902fc3f6e5ea','2022-05-14 15:29:13.991','2022-05-14 15:59:13.991','102324','null','null','2022-05-14 15:29:13.991','2022-05-14 15:29:13.991',NULL),('a03d9f7a-9b00-4e48-b732-65b9f37ed6a9','c91da185-b87c-4d10-b0d0-90f34a5e0fdd','a5914930-639c-4114-8508-902fc3f6e5ea','2022-05-14 15:33:26.313','2022-05-14 15:38:26.313','993524','113.92675','35.30323','2022-05-14 15:33:26.313','2022-05-14 15:33:26.313',NULL),('a557140a-a1f3-4c39-9492-e7026c882c69','3daf477a-ad94-4189-8a92-e924ffb1fb55','0eb25936-f88d-4a2a-bf3b-749629c4ea2b','2022-05-13 16:42:14.537','2022-05-13 17:42:14.537','123','113.93360047','35.30963993','2022-05-13 16:42:14.647','2022-05-13 16:42:14.647',NULL),('aae8379e-b1e2-46d2-b0a1-961622aec298','a4072f84-e09f-4fb2-b497-c1b58b9dbdca','73e93e45-1e96-4da3-a15e-97a386039f17','2022-05-23 16:01:58.772','2022-05-23 16:11:58.772','866570','118.89985422102099','31.89815726562563','2022-05-23 16:01:58.772','2022-05-23 16:01:58.772',NULL),('b5c00ca9-ffe2-4aef-9a36-f3ba010e8799','c91da185-b87c-4d10-b0d0-90f34a5e0fdd','a5914930-639c-4114-8508-902fc3f6e5ea','2022-05-14 15:33:43.121','2022-05-14 15:38:43.121','865578','113.92675','35.30323','2022-05-14 15:33:43.121','2022-05-14 15:33:43.121',NULL),('b7a4bfac-3068-4fbe-a070-8cafbfb96abe','a4072f84-e09f-4fb2-b497-c1b58b9dbdca','a8673ea0-a117-4b4b-8c4e-26e8d11ab165','2022-05-18 14:55:26.856','2022-05-18 15:00:26.856','947376','113.92675','35.30323','2022-05-18 14:55:26.856','2022-05-18 14:55:26.856',NULL),('bd0f53e4-97d5-4a22-ada2-5e60bcdde045','a4072f84-e09f-4fb2-b497-c1b58b9dbdca','a8673ea0-a117-4b4b-8c4e-26e8d11ab165','2022-05-23 11:50:53.520','2022-05-23 12:20:53.520','523213','118.89997312535316','31.898120659388987','2022-05-23 11:50:53.520','2022-05-23 11:50:53.520',NULL),('bdab231e-efd0-4a60-931f-74dd14006d50','a4072f84-e09f-4fb2-b497-c1b58b9dbdca','a8673ea0-a117-4b4b-8c4e-26e8d11ab165','2022-05-15 14:15:28.608','2022-05-15 14:25:28.608','482522','113.87523','35.30351','2022-05-15 14:15:28.608','2022-05-15 14:15:28.608',NULL),('be1d898c-fc7c-4935-8c5a-c1a0c25bbf8c','c91da185-b87c-4d10-b0d0-90f34a5e0fdd','a5914930-639c-4114-8508-902fc3f6e5ea','2022-05-14 15:21:17.962','2022-05-14 15:26:17.962','650635','113.92675','35.30323','2022-05-14 15:21:17.962','2022-05-14 15:21:17.962',NULL),('c222526a-4b07-4507-aa8a-dd5bc57a54fa','a4072f84-e09f-4fb2-b497-c1b58b9dbdca','c2879ba8-8cef-40c8-9cb0-6638ad50ca67','2022-05-17 10:55:04.685','2022-05-17 11:05:04.685','251916','113.87523','35.30351','2022-05-17 10:55:04.686','2022-05-17 10:55:04.686',NULL),('c2681fac-a154-4bf1-a7f7-14f66503e971','a4072f84-e09f-4fb2-b497-c1b58b9dbdca','a8673ea0-a117-4b4b-8c4e-26e8d11ab165','2022-05-17 18:14:44.862','2022-05-17 18:24:44.862','702437','113.92675','35.30323','2022-05-17 18:14:44.862','2022-05-17 18:14:44.862',NULL),('c66a9037-6f7d-4bc4-9201-55087704cacd','a4072f84-e09f-4fb2-b497-c1b58b9dbdca','a8673ea0-a117-4b4b-8c4e-26e8d11ab165','2022-05-17 18:16:51.398','2022-05-17 18:21:51.398','372841','113.92675','35.30323','2022-05-17 18:16:51.398','2022-05-17 18:16:51.398',NULL),('cc1d479b-b8f9-4fc3-b066-2dd87b7c10f5','c91da185-b87c-4d10-b0d0-90f34a5e0fdd','a5914930-639c-4114-8508-902fc3f6e5ea','2022-05-14 20:02:06.563','2022-05-14 20:07:06.563','520569','113.92675','35.30323','2022-05-14 20:02:06.563','2022-05-14 20:02:06.563',NULL),('cdbba61f-2e3b-495c-b40e-777dac0bb44a','c91da185-b87c-4d10-b0d0-90f34a5e0fdd','a5914930-639c-4114-8508-902fc3f6e5ea','2022-05-14 20:04:58.379','2022-05-14 20:09:58.379','173367','113.92675','35.30323','2022-05-14 20:04:58.379','2022-05-14 20:04:58.379',NULL),('d5b6e6fa-d3ab-4af4-af7f-04feffe4cfd5','c91da185-b87c-4d10-b0d0-90f34a5e0fdd','a5914930-639c-4114-8508-902fc3f6e5ea','2022-05-14 20:05:37.788','2022-05-14 20:10:37.788','271209','113.92675','35.30323','2022-05-14 20:05:37.788','2022-05-14 20:05:37.788',NULL),('d8c9e41b-5d50-4398-b2ca-2139b5c0d151','c91da185-b87c-4d10-b0d0-90f34a5e0fdd','a5914930-639c-4114-8508-902fc3f6e5ea','2022-05-14 19:54:59.478','2022-05-14 19:59:59.478','560062','113.92675','35.30323','2022-05-14 19:54:59.478','2022-05-14 19:54:59.478',NULL),('db8a0c04-57d0-4dd9-bf14-fccbb873b11a','c91da185-b87c-4d10-b0d0-90f34a5e0fdd','a5914930-639c-4114-8508-902fc3f6e5ea','2022-05-14 15:17:21.824','2022-05-14 15:22:21.824','355156','113.92675','35.30323','2022-05-14 15:17:21.824','2022-05-14 15:17:21.824',NULL),('dd7769e5-168c-49a1-ad09-7b09f9ccb95e','c91da185-b87c-4d10-b0d0-90f34a5e0fdd','a5914930-639c-4114-8508-902fc3f6e5ea','2022-05-15 08:58:14.629','2022-05-15 09:58:14.629','158858','113.87523','35.30351','2022-05-15 08:58:14.629','2022-05-15 08:58:14.629',NULL),('e21e27ce-8f77-4980-a2b2-436aac8fcfd2','a4072f84-e09f-4fb2-b497-c1b58b9dbdca','a8673ea0-a117-4b4b-8c4e-26e8d11ab165','2022-05-23 11:45:17.103','2022-05-23 11:55:17.103','246639','118.89987117347621','31.898202490651883','2022-05-23 11:45:17.103','2022-05-23 11:45:17.103',NULL),('e39cbe3d-13e2-4ad4-85d0-fd5ed77d5e3d','c91da185-b87c-4d10-b0d0-90f34a5e0fdd','a5914930-639c-4114-8508-902fc3f6e5ea','2022-05-14 21:16:48.322','2022-05-14 21:21:48.322','695350','113.92675','35.30323','2022-05-14 21:16:48.322','2022-05-14 21:16:48.322',NULL),('ec54ddd7-f894-4a48-bb4f-e0f66be55dd8','c91da185-b87c-4d10-b0d0-90f34a5e0fdd','a5914930-639c-4114-8508-902fc3f6e5ea','2022-05-14 15:22:11.998','2022-05-14 15:27:11.998','124146','113.92675','35.30323','2022-05-14 15:22:11.998','2022-05-14 15:22:11.998',NULL),('f3f612a1-da22-46c8-94d5-38174f4d95f4','c91da185-b87c-4d10-b0d0-90f34a5e0fdd','a5914930-639c-4114-8508-902fc3f6e5ea','2022-05-14 19:54:20.468','2022-05-14 19:59:20.468','339429','113.92675','35.30323','2022-05-14 19:54:20.468','2022-05-14 19:54:20.468',NULL),('f94ebf2f-7651-4139-9e1d-c9518130b1b3','c91da185-b87c-4d10-b0d0-90f34a5e0fdd','a5914930-639c-4114-8508-902fc3f6e5ea','2022-05-14 21:12:32.976','2022-05-14 21:17:32.976','594830','113.92675','35.30323','2022-05-14 21:12:32.976','2022-05-14 21:12:32.976',NULL),('fb4f718f-d080-4ed6-8ece-4485e13ec05a','c91da185-b87c-4d10-b0d0-90f34a5e0fdd','a5914930-639c-4114-8508-902fc3f6e5ea','2022-05-14 15:34:06.933','2022-05-14 15:39:06.933','157027','113.92675','35.30323','2022-05-14 15:34:06.933','2022-05-14 15:34:06.933',NULL),('fbcd0c1d-04eb-473d-9f3f-c72271fff193','a4072f84-e09f-4fb2-b497-c1b58b9dbdca','b3c9b9b5-8770-4971-887a-a6d36784ae7d','2022-05-18 15:00:14.643','2022-05-18 15:10:14.643','320505','113.92675','35.30323','2022-05-18 15:00:14.643','2022-05-18 15:00:14.643',NULL);

/*Table structure for table `checkin_rec` */

DROP TABLE IF EXISTS `checkin_rec`;

CREATE TABLE `checkin_rec` (
  `checkin_rec_id` varchar(191) NOT NULL,
  `checkin_id` longtext,
  `user_id` longtext,
  `user_name` longtext,
  `state` bigint DEFAULT NULL,
  `end_time` datetime(3) DEFAULT NULL,
  `created_at` datetime(3) DEFAULT NULL,
  `updated_at` datetime(3) DEFAULT NULL,
  `deleted_at` datetime(3) DEFAULT NULL,
  PRIMARY KEY (`checkin_rec_id`)
) ENGINE=InnoDB DEFAULT CHARSET=utf8mb4 COLLATE=utf8mb4_0900_ai_ci;

/*Data for the table `checkin_rec` */

insert  into `checkin_rec`(`checkin_rec_id`,`checkin_id`,`user_id`,`user_name`,`state`,`end_time`,`created_at`,`updated_at`,`deleted_at`) values ('04e05f8c-729d-4c73-bfaa-ea7da23527d640fe17f7-8100-4417-8170-f6fc479d2215','04e05f8c-729d-4c73-bfaa-ea7da23527d6','40fe17f7-8100-4417-8170-f6fc479d2215','',1,'2022-05-24 10:33:25.171','2022-05-24 09:33:25.171','2022-05-24 09:34:40.096',NULL),('04e05f8c-729d-4c73-bfaa-ea7da23527d66d68d487-4d99-415c-bb81-34625910467a','04e05f8c-729d-4c73-bfaa-ea7da23527d6','6d68d487-4d99-415c-bb81-34625910467a','lisi',2,'2022-05-24 10:33:25.171','2022-05-24 09:33:25.171','2022-05-24 09:33:25.197',NULL),('04e05f8c-729d-4c73-bfaa-ea7da23527d679ba7113-905c-46df-8fbe-7c201be91a7f','04e05f8c-729d-4c73-bfaa-ea7da23527d6','79ba7113-905c-46df-8fbe-7c201be91a7f','',2,'2022-05-24 10:33:25.171','2022-05-24 09:33:25.171','2022-05-24 09:33:25.221',NULL),('04e05f8c-729d-4c73-bfaa-ea7da23527d6e9afb4df-6a08-4506-be6e-72593567f1d5','04e05f8c-729d-4c73-bfaa-ea7da23527d6','e9afb4df-6a08-4506-be6e-72593567f1d5','',2,'2022-05-24 10:33:25.171','2022-05-24 09:33:25.171','2022-05-24 09:33:25.204',NULL),('06757446-94ad-420a-899f-fd04a938b4ea4c0470f5-65be-4378-b118-190dd888015d','06757446-94ad-420a-899f-fd04a938b4ea','4c0470f5-65be-4378-b118-190dd888015d','',2,'2022-05-18 15:16:21.277','2022-05-18 15:11:21.277','2022-05-18 15:11:21.308',NULL),('06757446-94ad-420a-899f-fd04a938b4ea5d8378d9-ffd9-4a74-b42f-4d0dd51f4302','06757446-94ad-420a-899f-fd04a938b4ea','5d8378d9-ffd9-4a74-b42f-4d0dd51f4302','',2,'2022-05-18 15:16:21.277','2022-05-18 15:11:21.277','2022-05-18 15:11:21.315',NULL),('06757446-94ad-420a-899f-fd04a938b4eabdf2af76-2020-44e0-8f65-b085429a05c1','06757446-94ad-420a-899f-fd04a938b4ea','bdf2af76-2020-44e0-8f65-b085429a05c1','',2,'2022-05-18 15:16:21.277','2022-05-18 15:11:21.277','2022-05-18 15:11:21.323',NULL),('0c435f97-a4fb-4a89-82a6-3142b7cf533ef56772b2-13e3-4162-9cee-eea83e2fff40','0c435f97-a4fb-4a89-82a6-3142b7cf533e','f56772b2-13e3-4162-9cee-eea83e2fff40','',2,'2022-05-13 17:25:19.163','2022-05-13 17:20:19.310','2022-05-13 17:20:19.310',NULL),('0c435f97-a4fb-4a89-82a6-3142b7cf533ef90d83d7-c6b7-4978-9e5c-71eee2c24677','0c435f97-a4fb-4a89-82a6-3142b7cf533e','f90d83d7-c6b7-4978-9e5c-71eee2c24677','',2,'2022-05-13 17:25:19.163','2022-05-13 17:20:19.337','2022-05-13 17:20:19.337',NULL),('1ab557b4-b0d6-4e22-8e4c-e5d08a0166aaf56772b2-13e3-4162-9cee-eea83e2fff40','1ab557b4-b0d6-4e22-8e4c-e5d08a0166aa','f56772b2-13e3-4162-9cee-eea83e2fff40','',2,'2022-05-13 18:13:36.571','2022-05-13 16:43:37.592','2022-05-13 16:43:37.592',NULL),('1ab557b4-b0d6-4e22-8e4c-e5d08a0166aaf90d83d7-c6b7-4978-9e5c-71eee2c24677','1ab557b4-b0d6-4e22-8e4c-e5d08a0166aa','f90d83d7-c6b7-4978-9e5c-71eee2c24677','',2,'2022-05-13 18:13:36.571','2022-05-13 16:43:37.795','2022-05-13 16:43:37.795',NULL),('209c5b8d-af66-4ef8-b782-707a795a38ff6d68d487-4d99-415c-bb81-34625910467a','209c5b8d-af66-4ef8-b782-707a795a38ff','6d68d487-4d99-415c-bb81-34625910467a','lisi',2,'2022-05-17 19:24:56.290','2022-05-17 19:19:56.290','2022-05-17 19:19:56.311',NULL),('221d977b-41f0-4071-bc3f-3491eac3d482f56772b2-13e3-4162-9cee-eea83e2fff40','221d977b-41f0-4071-bc3f-3491eac3d482','f56772b2-13e3-4162-9cee-eea83e2fff40','',2,'2022-05-13 19:02:50.221','2022-05-13 17:32:50.470','2022-05-13 17:32:50.470',NULL),('221d977b-41f0-4071-bc3f-3491eac3d482f90d83d7-c6b7-4978-9e5c-71eee2c24677','221d977b-41f0-4071-bc3f-3491eac3d482','f90d83d7-c6b7-4978-9e5c-71eee2c24677','',2,'2022-05-13 19:02:50.221','2022-05-13 17:32:50.509','2022-05-13 17:32:50.509',NULL),('223372a9-2a83-4eaa-949a-0d736aeed8a6f56772b2-13e3-4162-9cee-eea83e2fff40','223372a9-2a83-4eaa-949a-0d736aeed8a6','f56772b2-13e3-4162-9cee-eea83e2fff40','',2,'2022-05-13 17:01:02.455','2022-05-13 16:56:02.602','2022-05-13 16:56:02.602',NULL),('223372a9-2a83-4eaa-949a-0d736aeed8a6f90d83d7-c6b7-4978-9e5c-71eee2c24677','223372a9-2a83-4eaa-949a-0d736aeed8a6','f90d83d7-c6b7-4978-9e5c-71eee2c24677','',2,'2022-05-13 17:01:02.455','2022-05-13 16:56:02.631','2022-05-13 16:56:02.631',NULL),('2d1d4df2-2927-4ec2-85ff-f17adbdb44d7f56772b2-13e3-4162-9cee-eea83e2fff40','2d1d4df2-2927-4ec2-85ff-f17adbdb44d7','f56772b2-13e3-4162-9cee-eea83e2fff40','',2,'2022-05-13 17:48:13.716','2022-05-13 17:43:13.757','2022-05-13 17:43:13.757',NULL),('2d1d4df2-2927-4ec2-85ff-f17adbdb44d7f90d83d7-c6b7-4978-9e5c-71eee2c24677','2d1d4df2-2927-4ec2-85ff-f17adbdb44d7','f90d83d7-c6b7-4978-9e5c-71eee2c24677','',2,'2022-05-13 17:48:13.716','2022-05-13 17:43:13.763','2022-05-13 17:43:13.763',NULL),('2fb8aa80-c792-4957-9db7-70dfd72330616d68d487-4d99-415c-bb81-34625910467a','2fb8aa80-c792-4957-9db7-70dfd7233061','6d68d487-4d99-415c-bb81-34625910467a','lisi',2,'2022-05-14 21:23:09.339','2022-05-14 21:18:09.359','2022-05-14 21:18:09.359',NULL),('3024082d-ddbd-4abe-b342-c160a4389d4f6d68d487-4d99-415c-bb81-34625910467a','3024082d-ddbd-4abe-b342-c160a4389d4f','6d68d487-4d99-415c-bb81-34625910467a','lisi',2,'2022-05-23 11:18:42.024','2022-05-23 11:13:42.024','2022-05-23 11:13:42.047',NULL),('45f3a9e9-349f-4136-9f86-b384870e23a4f56772b2-13e3-4162-9cee-eea83e2fff40','45f3a9e9-349f-4136-9f86-b384870e23a4','f56772b2-13e3-4162-9cee-eea83e2fff40','',2,'2022-05-13 17:38:50.677','2022-05-13 17:33:50.827','2022-05-13 17:33:50.827',NULL),('45f3a9e9-349f-4136-9f86-b384870e23a4f90d83d7-c6b7-4978-9e5c-71eee2c24677','45f3a9e9-349f-4136-9f86-b384870e23a4','f90d83d7-c6b7-4978-9e5c-71eee2c24677','',2,'2022-05-13 17:38:50.677','2022-05-13 17:33:50.856','2022-05-13 17:33:50.856',NULL),('47c5573f-e59e-4763-a6a9-11ce47812f36f56772b2-13e3-4162-9cee-eea83e2fff40','47c5573f-e59e-4763-a6a9-11ce47812f36','f56772b2-13e3-4162-9cee-eea83e2fff40','',2,'2022-05-13 17:52:54.107','2022-05-13 17:47:54.149','2022-05-13 17:47:54.149',NULL),('47c5573f-e59e-4763-a6a9-11ce47812f36f90d83d7-c6b7-4978-9e5c-71eee2c24677','47c5573f-e59e-4763-a6a9-11ce47812f36','f90d83d7-c6b7-4978-9e5c-71eee2c24677','',2,'2022-05-13 17:52:54.107','2022-05-13 17:47:54.156','2022-05-13 17:47:54.156',NULL),('4afff550-0c23-4393-8e0e-b84563f8c7d04c0470f5-65be-4378-b118-190dd888015d','4afff550-0c23-4393-8e0e-b84563f8c7d0','4c0470f5-65be-4378-b118-190dd888015d','',2,'2022-05-15 08:56:17.289','2022-05-15 08:46:17.324','2022-05-15 08:46:17.324',NULL),('4afff550-0c23-4393-8e0e-b84563f8c7d05d8378d9-ffd9-4a74-b42f-4d0dd51f4302','4afff550-0c23-4393-8e0e-b84563f8c7d0','5d8378d9-ffd9-4a74-b42f-4d0dd51f4302','',2,'2022-05-15 08:56:17.289','2022-05-15 08:46:17.331','2022-05-15 08:46:17.331',NULL),('4afff550-0c23-4393-8e0e-b84563f8c7d0c91da185-b87c-4d10-b0d0-90f34a5e0fdd','4afff550-0c23-4393-8e0e-b84563f8c7d0','c91da185-b87c-4d10-b0d0-90f34a5e0fdd','qwe',2,'2022-05-15 08:56:17.289','2022-05-15 08:46:17.338','2022-05-15 08:46:17.338',NULL),('50855110-8c23-42b2-b8c0-f4fc27984ddff56772b2-13e3-4162-9cee-eea83e2fff40','50855110-8c23-42b2-b8c0-f4fc27984ddf','f56772b2-13e3-4162-9cee-eea83e2fff40','',2,'2022-05-13 17:43:38.253','2022-05-13 17:38:38.294','2022-05-13 17:38:38.294',NULL),('50855110-8c23-42b2-b8c0-f4fc27984ddff90d83d7-c6b7-4978-9e5c-71eee2c24677','50855110-8c23-42b2-b8c0-f4fc27984ddf','f90d83d7-c6b7-4978-9e5c-71eee2c24677','',2,'2022-05-13 17:43:38.253','2022-05-13 17:38:38.301','2022-05-13 17:38:38.301',NULL),('5b917c5a-1b61-4863-9fcd-e8616cb28b1e6d68d487-4d99-415c-bb81-34625910467a','5b917c5a-1b61-4863-9fcd-e8616cb28b1e','6d68d487-4d99-415c-bb81-34625910467a','lisi',2,'2022-05-23 11:29:17.156','2022-05-23 11:24:17.156','2022-05-23 11:24:17.178',NULL),('5b917c5a-1b61-4863-9fcd-e8616cb28b1e79ba7113-905c-46df-8fbe-7c201be91a7f','5b917c5a-1b61-4863-9fcd-e8616cb28b1e','79ba7113-905c-46df-8fbe-7c201be91a7f','',2,'2022-05-23 11:29:17.156','2022-05-23 11:24:17.156','2022-05-23 11:24:17.192',NULL),('5c6ff92e-4a3e-4fd8-bbde-fae8222cc326f56772b2-13e3-4162-9cee-eea83e2fff40','5c6ff92e-4a3e-4fd8-bbde-fae8222cc326','f56772b2-13e3-4162-9cee-eea83e2fff40','',2,'2022-05-13 17:44:49.491','2022-05-13 17:39:49.532','2022-05-13 17:39:49.532',NULL),('5c6ff92e-4a3e-4fd8-bbde-fae8222cc326f90d83d7-c6b7-4978-9e5c-71eee2c24677','5c6ff92e-4a3e-4fd8-bbde-fae8222cc326','f90d83d7-c6b7-4978-9e5c-71eee2c24677','',2,'2022-05-13 17:44:49.491','2022-05-13 17:39:49.538','2022-05-13 17:39:49.538',NULL),('62ce60d7-bb0d-484c-a735-4d6f0cd9d2566d68d487-4d99-415c-bb81-34625910467a','62ce60d7-bb0d-484c-a735-4d6f0cd9d256','6d68d487-4d99-415c-bb81-34625910467a','lisi',1,'2022-05-14 21:45:56.995','2022-05-14 20:45:57.151','2022-05-14 20:50:07.833',NULL),('6e8bfedd-2452-426e-99b5-015f83c25559f56772b2-13e3-4162-9cee-eea83e2fff40','6e8bfedd-2452-426e-99b5-015f83c25559','f56772b2-13e3-4162-9cee-eea83e2fff40','',2,'2022-05-13 17:43:18.298','2022-05-13 17:38:18.338','2022-05-13 17:38:18.338',NULL),('6e8bfedd-2452-426e-99b5-015f83c25559f90d83d7-c6b7-4978-9e5c-71eee2c24677','6e8bfedd-2452-426e-99b5-015f83c25559','f90d83d7-c6b7-4978-9e5c-71eee2c24677','',2,'2022-05-13 17:43:18.298','2022-05-13 17:38:18.345','2022-05-13 17:38:18.345',NULL),('75c5d611-b656-490c-88ee-587042f7029bf56772b2-13e3-4162-9cee-eea83e2fff40','75c5d611-b656-490c-88ee-587042f7029b','f56772b2-13e3-4162-9cee-eea83e2fff40','',2,'2022-05-13 18:07:26.523','2022-05-13 17:37:26.565','2022-05-13 17:37:26.565',NULL),('75c5d611-b656-490c-88ee-587042f7029bf90d83d7-c6b7-4978-9e5c-71eee2c24677','75c5d611-b656-490c-88ee-587042f7029b','f90d83d7-c6b7-4978-9e5c-71eee2c24677','',2,'2022-05-13 18:07:26.523','2022-05-13 17:37:26.572','2022-05-13 17:37:26.572',NULL),('7e24dc55-3efa-4704-bb89-f39262b7cab34c0470f5-65be-4378-b118-190dd888015d','7e24dc55-3efa-4704-bb89-f39262b7cab3','4c0470f5-65be-4378-b118-190dd888015d','',2,'2022-05-15 09:45:05.211','2022-05-15 08:45:05.244','2022-05-15 08:45:05.244',NULL),('7e24dc55-3efa-4704-bb89-f39262b7cab35d8378d9-ffd9-4a74-b42f-4d0dd51f4302','7e24dc55-3efa-4704-bb89-f39262b7cab3','5d8378d9-ffd9-4a74-b42f-4d0dd51f4302','',2,'2022-05-15 09:45:05.211','2022-05-15 08:45:05.250','2022-05-15 08:45:05.250',NULL),('7e24dc55-3efa-4704-bb89-f39262b7cab3c91da185-b87c-4d10-b0d0-90f34a5e0fdd','7e24dc55-3efa-4704-bb89-f39262b7cab3','c91da185-b87c-4d10-b0d0-90f34a5e0fdd','qwe',1,'2022-05-15 09:45:05.211','2022-05-15 08:45:05.257','2022-05-15 08:54:07.205',NULL),('7e9ba1de-9848-4345-ac2c-7171e1918b056d68d487-4d99-415c-bb81-34625910467a','7e9ba1de-9848-4345-ac2c-7171e1918b05','6d68d487-4d99-415c-bb81-34625910467a','lisi',2,'2022-05-17 17:59:19.681','2022-05-17 17:29:19.681','2022-05-17 17:29:19.702',NULL),('8a9b34bc-b6de-4333-b564-b13a29ddf2cd6d68d487-4d99-415c-bb81-34625910467a','8a9b34bc-b6de-4333-b564-b13a29ddf2cd','6d68d487-4d99-415c-bb81-34625910467a','lisi',2,'2022-05-15 14:57:36.007','2022-05-15 14:52:36.028','2022-05-15 14:52:36.028',NULL),('918cfd20-62b1-43dd-8426-8dfdabf00d97f56772b2-13e3-4162-9cee-eea83e2fff40','918cfd20-62b1-43dd-8426-8dfdabf00d97','f56772b2-13e3-4162-9cee-eea83e2fff40','',2,'2022-05-13 17:08:07.364','2022-05-13 17:03:07.510','2022-05-13 17:03:07.510',NULL),('918cfd20-62b1-43dd-8426-8dfdabf00d97f90d83d7-c6b7-4978-9e5c-71eee2c24677','918cfd20-62b1-43dd-8426-8dfdabf00d97','f90d83d7-c6b7-4978-9e5c-71eee2c24677','',2,'2022-05-13 17:08:07.364','2022-05-13 17:03:07.547','2022-05-13 17:03:07.547',NULL),('a3d13fb5-3f9e-4d96-86f0-4ac1758dbb42f56772b2-13e3-4162-9cee-eea83e2fff40','a3d13fb5-3f9e-4d96-86f0-4ac1758dbb42','f56772b2-13e3-4162-9cee-eea83e2fff40','',2,'2022-05-13 17:49:30.484','2022-05-13 17:44:30.526','2022-05-13 17:44:30.526',NULL),('a3d13fb5-3f9e-4d96-86f0-4ac1758dbb42f90d83d7-c6b7-4978-9e5c-71eee2c24677','a3d13fb5-3f9e-4d96-86f0-4ac1758dbb42','f90d83d7-c6b7-4978-9e5c-71eee2c24677','',2,'2022-05-13 17:49:30.484','2022-05-13 17:44:30.532','2022-05-13 17:44:30.532',NULL),('aae8379e-b1e2-46d2-b0a1-961622aec2986d68d487-4d99-415c-bb81-34625910467a','aae8379e-b1e2-46d2-b0a1-961622aec298','6d68d487-4d99-415c-bb81-34625910467a','lisi',2,'2022-05-23 16:11:58.772','2022-05-23 16:01:58.772','2022-05-23 16:01:58.796',NULL),('aae8379e-b1e2-46d2-b0a1-961622aec29879ba7113-905c-46df-8fbe-7c201be91a7f','aae8379e-b1e2-46d2-b0a1-961622aec298','79ba7113-905c-46df-8fbe-7c201be91a7f','',2,'2022-05-23 16:11:58.772','2022-05-23 16:01:58.772','2022-05-23 16:01:58.818',NULL),('aae8379e-b1e2-46d2-b0a1-961622aec298e9afb4df-6a08-4506-be6e-72593567f1d5','aae8379e-b1e2-46d2-b0a1-961622aec298','e9afb4df-6a08-4506-be6e-72593567f1d5','',1,'2022-05-23 16:11:58.772','2022-05-23 16:01:58.772','2022-05-23 16:02:59.650',NULL),('b7a4bfac-3068-4fbe-a070-8cafbfb96abe6d68d487-4d99-415c-bb81-34625910467a','b7a4bfac-3068-4fbe-a070-8cafbfb96abe','6d68d487-4d99-415c-bb81-34625910467a','lisi',2,'2022-05-18 15:00:26.856','2022-05-18 14:55:26.856','2022-05-18 14:55:26.878',NULL),('bd0f53e4-97d5-4a22-ada2-5e60bcdde0456d68d487-4d99-415c-bb81-34625910467a','bd0f53e4-97d5-4a22-ada2-5e60bcdde045','6d68d487-4d99-415c-bb81-34625910467a','lisi',2,'2022-05-23 12:20:53.520','2022-05-23 11:50:53.520','2022-05-23 11:50:53.541',NULL),('bd0f53e4-97d5-4a22-ada2-5e60bcdde04579ba7113-905c-46df-8fbe-7c201be91a7f','bd0f53e4-97d5-4a22-ada2-5e60bcdde045','79ba7113-905c-46df-8fbe-7c201be91a7f','',2,'2022-05-23 12:20:53.520','2022-05-23 11:50:53.520','2022-05-23 11:50:53.562',NULL),('bd0f53e4-97d5-4a22-ada2-5e60bcdde045e9afb4df-6a08-4506-be6e-72593567f1d5','bd0f53e4-97d5-4a22-ada2-5e60bcdde045','e9afb4df-6a08-4506-be6e-72593567f1d5','',1,'2022-05-23 12:20:53.520','2022-05-23 11:50:53.520','2022-05-23 11:52:02.822',NULL),('bdab231e-efd0-4a60-931f-74dd14006d506d68d487-4d99-415c-bb81-34625910467a','bdab231e-efd0-4a60-931f-74dd14006d50','6d68d487-4d99-415c-bb81-34625910467a','lisi',2,'2022-05-15 14:25:28.608','2022-05-15 14:15:28.629','2022-05-15 14:15:28.629',NULL),('c222526a-4b07-4507-aa8a-dd5bc57a54fa6d68d487-4d99-415c-bb81-34625910467a','c222526a-4b07-4507-aa8a-dd5bc57a54fa','6d68d487-4d99-415c-bb81-34625910467a','lisi',2,'2022-05-17 11:05:04.685','2022-05-17 10:55:04.706','2022-05-17 10:55:04.706',NULL),('c2681fac-a154-4bf1-a7f7-14f66503e9716d68d487-4d99-415c-bb81-34625910467a','c2681fac-a154-4bf1-a7f7-14f66503e971','6d68d487-4d99-415c-bb81-34625910467a','lisi',2,'2022-05-17 18:24:44.862','2022-05-17 18:14:44.862','2022-05-17 18:14:44.882',NULL),('c66a9037-6f7d-4bc4-9201-55087704cacd6d68d487-4d99-415c-bb81-34625910467a','c66a9037-6f7d-4bc4-9201-55087704cacd','6d68d487-4d99-415c-bb81-34625910467a','lisi',2,'2022-05-17 18:21:51.398','2022-05-17 18:16:51.398','2022-05-17 18:16:51.419',NULL),('daf114f3-f559-411a-a1d0-91ba3b2cc057f56772b2-13e3-4162-9cee-eea83e2fff40','daf114f3-f559-411a-a1d0-91ba3b2cc057','f56772b2-13e3-4162-9cee-eea83e2fff40','',2,'2022-05-13 17:50:29.475','2022-05-13 17:45:29.516','2022-05-13 17:45:29.516',NULL),('daf114f3-f559-411a-a1d0-91ba3b2cc057f90d83d7-c6b7-4978-9e5c-71eee2c24677','daf114f3-f559-411a-a1d0-91ba3b2cc057','f90d83d7-c6b7-4978-9e5c-71eee2c24677','',2,'2022-05-13 17:50:29.475','2022-05-13 17:45:29.523','2022-05-13 17:45:29.523',NULL),('dd7769e5-168c-49a1-ad09-7b09f9ccb95e4c0470f5-65be-4378-b118-190dd888015d','dd7769e5-168c-49a1-ad09-7b09f9ccb95e','4c0470f5-65be-4378-b118-190dd888015d','',2,'2022-05-15 09:58:14.629','2022-05-15 08:58:14.665','2022-05-15 08:58:14.665',NULL),('dd7769e5-168c-49a1-ad09-7b09f9ccb95e5d8378d9-ffd9-4a74-b42f-4d0dd51f4302','dd7769e5-168c-49a1-ad09-7b09f9ccb95e','5d8378d9-ffd9-4a74-b42f-4d0dd51f4302','',2,'2022-05-15 09:58:14.629','2022-05-15 08:58:14.672','2022-05-15 08:58:14.672',NULL),('dd7769e5-168c-49a1-ad09-7b09f9ccb95ebdf2af76-2020-44e0-8f65-b085429a05c1','dd7769e5-168c-49a1-ad09-7b09f9ccb95e','bdf2af76-2020-44e0-8f65-b085429a05c1','',1,'2022-05-15 09:58:14.629','2022-05-15 08:58:14.679','2022-05-15 08:58:49.431',NULL),('dd7769e5-168c-49a1-ad09-7b09f9ccb95ec91da185-b87c-4d10-b0d0-90f34a5e0fdd','dd7769e5-168c-49a1-ad09-7b09f9ccb95e','c91da185-b87c-4d10-b0d0-90f34a5e0fdd','qwe',2,'2022-05-15 09:58:14.629','2022-05-15 08:58:14.686','2022-05-15 08:58:14.686',NULL),('e21e27ce-8f77-4980-a2b2-436aac8fcfd26d68d487-4d99-415c-bb81-34625910467a','e21e27ce-8f77-4980-a2b2-436aac8fcfd2','6d68d487-4d99-415c-bb81-34625910467a','lisi',2,'2022-05-23 11:55:17.103','2022-05-23 11:45:17.103','2022-05-23 11:45:17.122',NULL),('e21e27ce-8f77-4980-a2b2-436aac8fcfd279ba7113-905c-46df-8fbe-7c201be91a7f','e21e27ce-8f77-4980-a2b2-436aac8fcfd2','79ba7113-905c-46df-8fbe-7c201be91a7f','',2,'2022-05-23 11:55:17.103','2022-05-23 11:45:17.103','2022-05-23 11:45:17.142',NULL),('e21e27ce-8f77-4980-a2b2-436aac8fcfd2e9afb4df-6a08-4506-be6e-72593567f1d5','e21e27ce-8f77-4980-a2b2-436aac8fcfd2','e9afb4df-6a08-4506-be6e-72593567f1d5','',1,'2022-05-23 11:55:17.103','2022-05-23 11:45:17.103','2022-05-23 11:46:32.594',NULL),('e39cbe3d-13e2-4ad4-85d0-fd5ed77d5e3d6d68d487-4d99-415c-bb81-34625910467a','e39cbe3d-13e2-4ad4-85d0-fd5ed77d5e3d','6d68d487-4d99-415c-bb81-34625910467a','lisi',2,'2022-05-14 21:21:48.322','2022-05-14 21:16:48.344','2022-05-14 21:16:48.344',NULL),('f94ebf2f-7651-4139-9e1d-c9518130b1b36d68d487-4d99-415c-bb81-34625910467a','f94ebf2f-7651-4139-9e1d-c9518130b1b3','6d68d487-4d99-415c-bb81-34625910467a','lisi',2,'2022-05-14 21:17:32.976','2022-05-14 21:12:32.997','2022-05-14 21:12:32.997',NULL),('fbcd0c1d-04eb-473d-9f3f-c72271fff1934c0470f5-65be-4378-b118-190dd888015d','fbcd0c1d-04eb-473d-9f3f-c72271fff193','4c0470f5-65be-4378-b118-190dd888015d','',2,'2022-05-18 15:10:14.643','2022-05-18 15:00:14.643','2022-05-18 15:00:14.675',NULL),('fbcd0c1d-04eb-473d-9f3f-c72271fff1935d8378d9-ffd9-4a74-b42f-4d0dd51f4302','fbcd0c1d-04eb-473d-9f3f-c72271fff193','5d8378d9-ffd9-4a74-b42f-4d0dd51f4302','',2,'2022-05-18 15:10:14.643','2022-05-18 15:00:14.643','2022-05-18 15:00:14.683',NULL),('fbcd0c1d-04eb-473d-9f3f-c72271fff193bdf2af76-2020-44e0-8f65-b085429a05c1','fbcd0c1d-04eb-473d-9f3f-c72271fff193','bdf2af76-2020-44e0-8f65-b085429a05c1','',2,'2022-05-18 15:10:14.643','2022-05-18 15:00:14.643','2022-05-18 15:00:14.692',NULL);

/*Table structure for table `class` */

DROP TABLE IF EXISTS `class`;

CREATE TABLE `class` (
  `class_id` varchar(191) NOT NULL,
  `class_name` longtext,
  `class_capacity` bigint DEFAULT NULL,
  `create_id` longtext,
  `created_at` datetime(3) DEFAULT NULL,
  `updated_at` datetime(3) DEFAULT NULL,
  `deleted_at` datetime(3) DEFAULT NULL,
  PRIMARY KEY (`class_id`)
) ENGINE=InnoDB DEFAULT CHARSET=utf8mb4 COLLATE=utf8mb4_0900_ai_ci;

/*Data for the table `class` */

insert  into `class`(`class_id`,`class_name`,`class_capacity`,`create_id`,`created_at`,`updated_at`,`deleted_at`) values ('6568856e-1045-4647-96cf-ed282c8458e4','计科192',32,'1','2022-05-13 14:54:28.684','2022-05-13 14:54:28.684',NULL),('7db0ee82-5d41-460c-80f1-8c20caf661af','计科191',32,'1','2022-05-13 14:54:22.636','2022-05-13 14:54:22.636',NULL),('9a6f8547-bd09-4585-b3b9-7c6531d1cb0b','数据191',32,'1','2022-05-13 14:36:27.402','2022-05-13 14:36:27.402',NULL),('a74392a6-f7f1-41ee-8d04-e4ad52dac35c','计科194',32,'1','2022-05-13 14:54:35.544','2022-05-13 14:54:35.544',NULL),('dc9bc03d-d034-4ae4-882b-807e1484e8a6','计科193',32,'1','2022-05-13 14:54:32.312','2022-05-13 14:54:32.312',NULL),('e5f4a7fb-1535-485d-b730-abf4b868641f','老师',32,'1','2022-05-13 14:38:24.659','2022-05-13 14:38:24.659',NULL);

/*Table structure for table `class_lesson` */

DROP TABLE IF EXISTS `class_lesson`;

CREATE TABLE `class_lesson` (
  `class_lesson_id` longtext,
  `class_id` longtext,
  `lesson_id` longtext,
  `created_at` datetime(3) DEFAULT NULL,
  `updated_at` datetime(3) DEFAULT NULL,
  `deleted_at` datetime(3) DEFAULT NULL
) ENGINE=InnoDB DEFAULT CHARSET=utf8mb4 COLLATE=utf8mb4_0900_ai_ci;

/*Data for the table `class_lesson` */

insert  into `class_lesson`(`class_lesson_id`,`class_id`,`lesson_id`,`created_at`,`updated_at`,`deleted_at`) values ('8d4e8bb8-248f-4972-8e1e-1561fe68e206','dc9bc03d-d034-4ae4-882b-807e1484e8a6','a5914930-639c-4114-8508-902fc3f6e5ea','2022-05-13 15:03:09.840','2022-05-13 15:03:09.840','2022-05-13 20:35:17.210'),('0c12b353-96f1-4442-b08e-e4038ab09f5c','6568856e-1045-4647-96cf-ed282c8458e4','a5914930-639c-4114-8508-902fc3f6e5ea','2022-05-13 15:03:09.849','2022-05-13 15:03:09.849','2022-05-13 20:35:17.210'),('2ded1113-fcd2-4f62-b817-a7039f9884dc','7db0ee82-5d41-460c-80f1-8c20caf661af','a5914930-639c-4114-8508-902fc3f6e5ea','2022-05-13 15:03:09.856','2022-05-13 15:03:09.856','2022-05-13 20:35:17.210'),('a3cdff9e-ac35-422d-81d2-d4847b7a754a','e5f4a7fb-1535-485d-b730-abf4b868641f','a5914930-639c-4114-8508-902fc3f6e5ea','2022-05-13 15:03:09.863','2022-05-13 15:03:09.863','2022-05-13 20:35:17.210'),('c8699fb5-9ac1-4029-b5c0-52ca892bf86c','dc9bc03d-d034-4ae4-882b-807e1484e8a6','7b9c0c2b-ee54-4f8f-be4d-3c526317be1f','2022-05-13 15:07:59.948','2022-05-13 15:07:59.948',NULL),('d1cbe088-8fdc-46d2-b0c8-af23ba106d93','6568856e-1045-4647-96cf-ed282c8458e4','7b9c0c2b-ee54-4f8f-be4d-3c526317be1f','2022-05-13 15:07:59.955','2022-05-13 15:07:59.955',NULL),('d1f2116d-aad5-4381-a883-38e7dd0f6ca0','7db0ee82-5d41-460c-80f1-8c20caf661af','7b9c0c2b-ee54-4f8f-be4d-3c526317be1f','2022-05-13 15:07:59.961','2022-05-13 15:07:59.961',NULL),('40d9ba41-5391-4a20-9240-fa6fa9980942','e5f4a7fb-1535-485d-b730-abf4b868641f','7b9c0c2b-ee54-4f8f-be4d-3c526317be1f','2022-05-13 15:07:59.968','2022-05-13 15:07:59.968',NULL),('e6606595-2a5b-433c-ba84-8386da5159e9','dc9bc03d-d034-4ae4-882b-807e1484e8a6','0d1cf858-c62b-41d4-86b2-6f687d92d470','2022-05-13 15:44:25.792','2022-05-13 15:44:25.792','2022-05-13 19:45:37.844'),('dae7a1b6-1623-445a-832a-3bc38a6e99ac','6568856e-1045-4647-96cf-ed282c8458e4','0d1cf858-c62b-41d4-86b2-6f687d92d470','2022-05-13 15:44:25.799','2022-05-13 15:44:25.799','2022-05-13 19:45:37.844'),('82c268ea-9576-4634-afe2-613da6d7ec83','7db0ee82-5d41-460c-80f1-8c20caf661af','0d1cf858-c62b-41d4-86b2-6f687d92d470','2022-05-13 15:44:25.806','2022-05-13 15:44:25.806','2022-05-13 19:45:37.844'),('2f63498f-e3d1-43bf-bccb-5f653e9613c9','e5f4a7fb-1535-485d-b730-abf4b868641f','0d1cf858-c62b-41d4-86b2-6f687d92d470','2022-05-13 15:44:25.812','2022-05-13 15:44:25.812','2022-05-13 19:45:37.844'),('4c1ed4a9-4abd-46cd-8a28-1823a871e0cf','dc9bc03d-d034-4ae4-882b-807e1484e8a6','16c8da40-78e0-49c1-a9ff-54c8e2f8ef32','2022-05-13 16:04:43.042','2022-05-13 16:04:43.042','2022-05-13 20:08:26.468'),('789d2806-c750-443f-a749-8f93cef1b60f','6568856e-1045-4647-96cf-ed282c8458e4','16c8da40-78e0-49c1-a9ff-54c8e2f8ef32','2022-05-13 16:04:43.049','2022-05-13 16:04:43.049','2022-05-13 20:08:26.468'),('b614a60f-9eac-4453-9fc4-47ad8e611e9f','7db0ee82-5d41-460c-80f1-8c20caf661af','16c8da40-78e0-49c1-a9ff-54c8e2f8ef32','2022-05-13 16:04:43.057','2022-05-13 16:04:43.057','2022-05-13 20:08:26.468'),('8ec6b327-ad60-413a-b220-d678f79e1344','dc9bc03d-d034-4ae4-882b-807e1484e8a6','a5491af8-ccde-45d7-958a-e5233b5cf35c','2022-05-13 17:19:03.499','2022-05-13 17:19:03.499','2022-05-13 20:34:25.662'),('0f96b05f-5ef9-4482-a30d-8d51ff69b60f','e5f4a7fb-1535-485d-b730-abf4b868641f','a5491af8-ccde-45d7-958a-e5233b5cf35c','2022-05-13 17:19:03.506','2022-05-13 17:19:03.506','2022-05-13 20:34:25.662'),('0050e14c-0f1f-45e6-bbc6-cea83c13099d','a74392a6-f7f1-41ee-8d04-e4ad52dac35c','0d1cf858-c62b-41d4-86b2-6f687d92d470','2022-05-13 19:45:37.874','2022-05-13 19:45:37.874','2022-05-13 19:46:32.713'),('2b36387f-02f4-4543-b7d1-2a45df5c7de8','dc9bc03d-d034-4ae4-882b-807e1484e8a6','0d1cf858-c62b-41d4-86b2-6f687d92d470','2022-05-13 19:45:37.881','2022-05-13 19:45:37.881','2022-05-13 19:46:32.713'),('f508a29d-6da8-42e5-8281-418e9a202a1b','6568856e-1045-4647-96cf-ed282c8458e4','0d1cf858-c62b-41d4-86b2-6f687d92d470','2022-05-13 19:45:37.888','2022-05-13 19:45:37.888','2022-05-13 19:46:32.713'),('ba022344-ca5f-449d-93d7-80f0132c91e6','6568856e-1045-4647-96cf-ed282c8458e4','0d1cf858-c62b-41d4-86b2-6f687d92d470','2022-05-13 19:46:32.741','2022-05-13 19:46:32.741','2022-05-13 19:48:40.906'),('d71f08bc-d43c-4ef0-903c-f3c9de5e1275','a74392a6-f7f1-41ee-8d04-e4ad52dac35c','0d1cf858-c62b-41d4-86b2-6f687d92d470','2022-05-13 19:48:40.933','2022-05-13 19:48:40.933','2022-05-13 19:48:54.541'),('f7b9e618-fcc1-41a7-a9a8-d2b82b0a4935','dc9bc03d-d034-4ae4-882b-807e1484e8a6','0d1cf858-c62b-41d4-86b2-6f687d92d470','2022-05-13 19:48:40.940','2022-05-13 19:48:40.940','2022-05-13 19:48:54.541'),('70cdfb87-371c-41a2-aa47-dc54737a491a','a74392a6-f7f1-41ee-8d04-e4ad52dac35c','0d1cf858-c62b-41d4-86b2-6f687d92d470','2022-05-13 19:48:54.570','2022-05-13 19:48:54.570','2022-05-13 20:00:03.752'),('e2eaf913-1385-4df6-b692-a7ae8fe33120','dc9bc03d-d034-4ae4-882b-807e1484e8a6','0d1cf858-c62b-41d4-86b2-6f687d92d470','2022-05-13 19:48:54.577','2022-05-13 19:48:54.577','2022-05-13 20:00:03.752'),('e53d1265-4735-4ef3-af53-dd5fa99d3cdd','a74392a6-f7f1-41ee-8d04-e4ad52dac35c','a5914930-639c-4114-8508-902fc3f6e5ea','2022-05-13 20:35:23.431','2022-05-13 20:35:23.431','2022-05-13 20:35:49.764'),('75be090e-91e4-4ece-9cb4-32f6f5dc382d','dc9bc03d-d034-4ae4-882b-807e1484e8a6','a5914930-639c-4114-8508-902fc3f6e5ea','2022-05-13 20:35:23.438','2022-05-13 20:35:23.438','2022-05-13 20:35:49.764'),('982f2bc6-76e7-4861-87ba-172ab03fb7c8','a74392a6-f7f1-41ee-8d04-e4ad52dac35c','a5914930-639c-4114-8508-902fc3f6e5ea','2022-05-13 20:35:49.793','2022-05-13 20:35:49.793','2022-05-13 20:36:28.523'),('3df702bd-ab6b-4d0a-9e84-94d62fde624f','dc9bc03d-d034-4ae4-882b-807e1484e8a6','a5914930-639c-4114-8508-902fc3f6e5ea','2022-05-13 20:35:49.807','2022-05-13 20:35:49.807','2022-05-13 20:36:28.523'),('2e79af08-3d91-4a08-82de-9cbde1c2062c','a74392a6-f7f1-41ee-8d04-e4ad52dac35c','a5914930-639c-4114-8508-902fc3f6e5ea','2022-05-13 20:36:28.551','2022-05-13 20:36:28.551','2022-05-15 08:37:04.611'),('5d402172-3fc4-4953-ba7e-d34863a36f48','dc9bc03d-d034-4ae4-882b-807e1484e8a6','a5914930-639c-4114-8508-902fc3f6e5ea','2022-05-13 20:36:28.558','2022-05-13 20:36:28.558','2022-05-15 08:37:04.611'),('1524dafc-3ff1-42b6-a265-08dd84c14c07','9a6f8547-bd09-4585-b3b9-7c6531d1cb0b','c1a48b63-5450-4202-a807-eb80385fee7f','2022-05-14 13:49:16.888','2022-05-14 13:49:16.888',NULL),('ff4ffa58-bf9c-4217-a540-918390ab635f','7db0ee82-5d41-460c-80f1-8c20caf661af','c1a48b63-5450-4202-a807-eb80385fee7f','2022-05-14 13:49:16.895','2022-05-14 13:49:16.895',NULL),('37757e15-27cc-4509-a90e-eab104aff85c','6568856e-1045-4647-96cf-ed282c8458e4','c1a48b63-5450-4202-a807-eb80385fee7f','2022-05-14 13:49:16.902','2022-05-14 13:49:16.902',NULL),('0828d178-5148-470a-8f66-f1c95ca0367e','9a6f8547-bd09-4585-b3b9-7c6531d1cb0b','a5914930-639c-4114-8508-902fc3f6e5ea','2022-05-15 08:37:14.296','2022-05-15 08:37:14.296','2022-05-15 09:17:05.699'),('2c1ec3a5-26a1-4a9e-905f-5a1870273fa1','7db0ee82-5d41-460c-80f1-8c20caf661af','a5914930-639c-4114-8508-902fc3f6e5ea','2022-05-15 08:37:14.303','2022-05-15 08:37:14.303','2022-05-15 09:17:05.699'),('759f4f52-542c-464f-bccc-d6e8d5847b54','6568856e-1045-4647-96cf-ed282c8458e4','a5914930-639c-4114-8508-902fc3f6e5ea','2022-05-15 08:37:14.310','2022-05-15 08:37:14.310','2022-05-15 09:17:05.699'),('46f602e8-2e69-4ec2-856a-33d3f929f83b','a74392a6-f7f1-41ee-8d04-e4ad52dac35c','0b5074eb-606d-44ed-a71f-6fa6fc0b48b9','2022-05-15 10:28:06.701','2022-05-15 10:28:06.701',NULL),('c27b1cad-cd44-4484-988d-b3d3ffb36758','dc9bc03d-d034-4ae4-882b-807e1484e8a6','0b5074eb-606d-44ed-a71f-6fa6fc0b48b9','2022-05-15 10:28:06.708','2022-05-15 10:28:06.708',NULL),('66558aee-ce0f-4ca5-9ede-b584e21dfd18','e5f4a7fb-1535-485d-b730-abf4b868641f','0b5074eb-606d-44ed-a71f-6fa6fc0b48b9','2022-05-15 10:28:06.715','2022-05-15 10:28:06.715',NULL),('745b8eb0-e17b-4c7d-b576-b0d9bab3f39c','a74392a6-f7f1-41ee-8d04-e4ad52dac35c','49925913-b48f-4ae5-8bda-28dbe789b34a','2022-05-15 10:39:24.430','2022-05-15 10:39:24.430',NULL),('05325ed3-cfb9-4b6b-aa38-3e968090c6b2','dc9bc03d-d034-4ae4-882b-807e1484e8a6','49925913-b48f-4ae5-8bda-28dbe789b34a','2022-05-15 10:39:24.437','2022-05-15 10:39:24.437',NULL),('e55f538e-e9f8-4907-bd33-121f9de1db3f','6568856e-1045-4647-96cf-ed282c8458e4','49925913-b48f-4ae5-8bda-28dbe789b34a','2022-05-15 10:39:24.444','2022-05-15 10:39:24.444',NULL),('1e7983ec-534a-4d24-8e96-9bce7e72ccf7','a74392a6-f7f1-41ee-8d04-e4ad52dac35c','a8673ea0-a117-4b4b-8c4e-26e8d11ab165','2022-05-15 10:45:43.415','2022-05-15 10:45:43.415',NULL),('e96025bf-7b6f-49d0-87d4-10e3f2f8c649','dc9bc03d-d034-4ae4-882b-807e1484e8a6','a8673ea0-a117-4b4b-8c4e-26e8d11ab165','2022-05-15 10:45:43.422','2022-05-15 10:45:43.422',NULL),('ac372431-00aa-4237-abf2-c6e21a925f97','9a6f8547-bd09-4585-b3b9-7c6531d1cb0b','b3c9b9b5-8770-4971-887a-a6d36784ae7d','2022-05-15 15:36:27.823','2022-05-15 15:36:27.823',NULL),('43fb7f72-6874-4bb4-ab65-a1502faa5950','7db0ee82-5d41-460c-80f1-8c20caf661af','b3c9b9b5-8770-4971-887a-a6d36784ae7d','2022-05-15 15:36:27.830','2022-05-15 15:36:27.830',NULL),('6c963e51-142c-48a1-b1fd-7a68bb3018de','a74392a6-f7f1-41ee-8d04-e4ad52dac35c','c2879ba8-8cef-40c8-9cb0-6638ad50ca67','2022-05-17 10:52:37.101','2022-05-17 10:52:37.101',NULL),('1ebdd7b3-1eac-4c7a-94c4-2b000ec26da3','dc9bc03d-d034-4ae4-882b-807e1484e8a6','c2879ba8-8cef-40c8-9cb0-6638ad50ca67','2022-05-17 10:52:37.108','2022-05-17 10:52:37.108',NULL),('a1418840-0411-499a-a0a7-3dbc3e04746c','9a6f8547-bd09-4585-b3b9-7c6531d1cb0b','d887c6fb-d63b-4700-b71a-97f40e71fbb5','2022-05-17 14:47:06.437','2022-05-17 14:47:06.437','2022-05-17 14:47:53.151'),('77162ef7-49f9-47b1-ac0b-b5d9a1718a11','7db0ee82-5d41-460c-80f1-8c20caf661af','d887c6fb-d63b-4700-b71a-97f40e71fbb5','2022-05-17 14:47:06.444','2022-05-17 14:47:06.444','2022-05-17 14:47:53.151'),('d09b1393-e2fa-4e8c-94b7-6fcf04d77d14','a74392a6-f7f1-41ee-8d04-e4ad52dac35c','d887c6fb-d63b-4700-b71a-97f40e71fbb5','2022-05-17 14:47:53.179','2022-05-17 14:47:53.179',NULL),('1ab4d068-ae18-4fd1-afe0-0432b11b1f5d','dc9bc03d-d034-4ae4-882b-807e1484e8a6','d887c6fb-d63b-4700-b71a-97f40e71fbb5','2022-05-17 14:47:53.186','2022-05-17 14:47:53.186',NULL),('4fec93a5-053f-48b6-ba84-4dd38859a760','a74392a6-f7f1-41ee-8d04-e4ad52dac35c','3cfc8c66-dc84-43c7-9dde-5906740899a6','2022-05-23 11:23:57.231','2022-05-23 11:23:57.231','2022-05-25 16:39:03.807'),('5f3d5f3d-91b5-4687-8775-2d08d29ee84e','a74392a6-f7f1-41ee-8d04-e4ad52dac35c','73e93e45-1e96-4da3-a15e-97a386039f17','2022-05-23 16:00:53.587','2022-05-23 16:00:53.587',NULL),('a17b7fc0-fa48-4101-b11f-40b424dcb483','dc9bc03d-d034-4ae4-882b-807e1484e8a6','73e93e45-1e96-4da3-a15e-97a386039f17','2022-05-23 16:00:53.594','2022-05-23 16:00:53.594',NULL),('3aace624-0e84-48d7-8af9-093c80b37abb','','3cfc8c66-dc84-43c7-9dde-5906740899a6','2022-05-25 16:39:03.835','2022-05-25 16:39:03.835',NULL),('217dc149-f077-4df0-89f7-5611eea4a66b','a74392a6-f7f1-41ee-8d04-e4ad52dac35c','efa543bd-dfba-4c0a-8779-3a75ba7affce','2022-05-25 16:39:24.911','2022-05-25 16:39:24.911',NULL),('970b175b-6bfd-4b9b-806c-80adbd185570','9a6f8547-bd09-4585-b3b9-7c6531d1cb0b','efa543bd-dfba-4c0a-8779-3a75ba7affce','2022-05-25 16:39:24.917','2022-05-25 16:39:24.917',NULL);

/*Table structure for table `connection` */

DROP TABLE IF EXISTS `connection`;

CREATE TABLE `connection` (
  `id` bigint NOT NULL AUTO_INCREMENT,
  `class_id` longtext,
  `user_id` longtext,
  `created_at` datetime(3) DEFAULT NULL,
  `updated_at` datetime(3) DEFAULT NULL,
  `deleted_at` datetime(3) DEFAULT NULL,
  PRIMARY KEY (`id`)
) ENGINE=InnoDB AUTO_INCREMENT=16 DEFAULT CHARSET=utf8mb4 COLLATE=utf8mb4_0900_ai_ci;

/*Data for the table `connection` */

insert  into `connection`(`id`,`class_id`,`user_id`,`created_at`,`updated_at`,`deleted_at`) values (1,'9a6f8547-bd09-4585-b3b9-7c6531d1cb0b','4c0470f5-65be-4378-b118-190dd888015d','2022-05-13 14:36:58.141','2022-05-13 14:36:58.141',NULL),(2,'9a6f8547-bd09-4585-b3b9-7c6531d1cb0b','5d8378d9-ffd9-4a74-b42f-4d0dd51f4302','2022-05-13 14:46:10.720','2022-05-13 14:46:10.720',NULL),(3,'e5f4a7fb-1535-485d-b730-abf4b868641f','1b07f156-20e7-4b5a-81a7-787a4cbba1da','2022-05-13 14:46:38.752','2022-05-13 14:46:38.752',NULL),(4,'e5f4a7fb-1535-485d-b730-abf4b868641f','f56772b2-13e3-4162-9cee-eea83e2fff40','2022-05-13 14:49:25.370','2022-05-13 14:49:25.370',NULL),(5,'e5f4a7fb-1535-485d-b730-abf4b868641f','3621d712-0f0b-4059-ac31-f3561ad00766','2022-05-13 14:50:31.080','2022-05-13 14:50:31.080',NULL),(6,'9a6f8547-bd09-4585-b3b9-7c6531d1cb0b','c91da185-b87c-4d10-b0d0-90f34a5e0fdd','2022-05-13 14:52:02.741','2022-05-13 14:52:02.741',NULL),(7,'e5f4a7fb-1535-485d-b730-abf4b868641f','f90d83d7-c6b7-4978-9e5c-71eee2c24677','2022-05-13 15:06:56.191','2022-05-13 15:06:56.191',NULL),(8,'','90e8ceed-dc9f-49ab-850a-02b756f9f588','2022-05-14 16:06:05.314','2022-05-14 16:06:05.314',NULL),(9,'','2a0bf5e0-87fd-458e-a111-6d420c602195','2022-05-14 16:36:34.835','2022-05-14 16:36:34.835',NULL),(10,'a74392a6-f7f1-41ee-8d04-e4ad52dac35c','6d68d487-4d99-415c-bb81-34625910467a','2022-05-14 20:42:05.585','2022-05-14 20:42:05.585',NULL),(11,'9a6f8547-bd09-4585-b3b9-7c6531d1cb0b','bdf2af76-2020-44e0-8f65-b085429a05c1','2022-05-15 08:57:21.079','2022-05-15 08:57:21.079',NULL),(12,'','a4072f84-e09f-4fb2-b497-c1b58b9dbdca','2022-05-15 10:45:11.994','2022-05-15 10:45:11.994',NULL),(13,'dc9bc03d-d034-4ae4-882b-807e1484e8a6','79ba7113-905c-46df-8fbe-7c201be91a7f','2022-05-23 11:20:41.317','2022-05-23 11:20:41.317',NULL),(14,'a74392a6-f7f1-41ee-8d04-e4ad52dac35c','e9afb4df-6a08-4506-be6e-72593567f1d5','2022-05-23 11:44:30.725','2022-05-23 11:44:30.725',NULL),(15,'a74392a6-f7f1-41ee-8d04-e4ad52dac35c','40fe17f7-8100-4417-8170-f6fc479d2215','2022-05-24 09:31:43.542','2022-05-24 09:31:43.542',NULL);

/*Table structure for table `lesson` */

DROP TABLE IF EXISTS `lesson`;

CREATE TABLE `lesson` (
  `lesson_id` varchar(191) NOT NULL,
  `lesson_name` longtext,
  `lesson_creator` longtext,
  `created_at` datetime(3) DEFAULT NULL,
  `updated_at` datetime(3) DEFAULT NULL,
  `deleted_at` datetime(3) DEFAULT NULL,
  PRIMARY KEY (`lesson_id`)
) ENGINE=InnoDB DEFAULT CHARSET=utf8mb4 COLLATE=utf8mb4_0900_ai_ci;

/*Data for the table `lesson` */

insert  into `lesson`(`lesson_id`,`lesson_name`,`lesson_creator`,`created_at`,`updated_at`,`deleted_at`) values ('0b5074eb-606d-44ed-a71f-6fa6fc0b48b9','大数据应用','c91da185-b87c-4d10-b0d0-90f34a5e0fdd','2022-05-15 10:28:06.694','2022-05-15 10:28:06.694',NULL),('0d1cf858-c62b-41d4-86b2-6f687d92d470','json','c91da185-b87c-4d10-b0d0-90f34a5e0fdd','2022-05-13 15:44:25.785','2022-05-13 15:44:25.785','2022-05-13 20:00:03.724'),('16c8da40-78e0-49c1-a9ff-54c8e2f8ef32','农业大数据','c91da185-b87c-4d10-b0d0-90f34a5e0fdd','2022-05-13 16:04:43.034','2022-05-13 16:04:43.034','2022-05-13 20:08:26.438'),('3cfc8c66-dc84-43c7-9dde-5906740899a6','签到','a4072f84-e09f-4fb2-b497-c1b58b9dbdca','2022-05-23 11:23:57.224','2022-05-23 11:23:57.224',NULL),('49925913-b48f-4ae5-8bda-28dbe789b34a','json','bdf2af76-2020-44e0-8f65-b085429a05c1','2022-05-15 10:39:24.423','2022-05-15 10:39:24.423',NULL),('73e93e45-1e96-4da3-a15e-97a386039f17','18数据结构','a4072f84-e09f-4fb2-b497-c1b58b9dbdca','2022-05-23 16:00:53.580','2022-05-23 16:00:53.580',NULL),('7b9c0c2b-ee54-4f8f-be4d-3c526317be1f','json','f90d83d7-c6b7-4978-9e5c-71eee2c24677','2022-05-13 15:07:59.941','2022-05-13 15:07:59.941',NULL),('a5491af8-ccde-45d7-958a-e5233b5cf35c','大数据技术','c91da185-b87c-4d10-b0d0-90f34a5e0fdd','2022-05-13 17:19:03.493','2022-05-13 17:19:03.493','2022-05-13 20:34:25.634'),('a5914930-639c-4114-8508-902fc3f6e5ea','大数据应用111','c91da185-b87c-4d10-b0d0-90f34a5e0fdd','2022-05-13 15:03:09.832','2022-05-13 20:36:28.495',NULL),('a8673ea0-a117-4b4b-8c4e-26e8d11ab165','大数据应用','a4072f84-e09f-4fb2-b497-c1b58b9dbdca','2022-05-15 10:45:43.408','2022-05-15 10:45:43.408',NULL),('b3c9b9b5-8770-4971-887a-a6d36784ae7d','农业大数据','a4072f84-e09f-4fb2-b497-c1b58b9dbdca','2022-05-15 15:36:27.816','2022-05-15 15:36:27.816',NULL),('c1a48b63-5450-4202-a807-eb80385fee7f','农业大数据','c91da185-b87c-4d10-b0d0-90f34a5e0fdd','2022-05-14 13:49:16.880','2022-05-14 13:49:16.880',NULL),('c2879ba8-8cef-40c8-9cb0-6638ad50ca67','计算机网络','a4072f84-e09f-4fb2-b497-c1b58b9dbdca','2022-05-17 10:52:37.093','2022-05-17 10:52:37.093',NULL),('d887c6fb-d63b-4700-b71a-97f40e71fbb5','软件工程','a4072f84-e09f-4fb2-b497-c1b58b9dbdca','2022-05-17 14:47:06.430','2022-05-17 14:47:06.430',NULL),('efa543bd-dfba-4c0a-8779-3a75ba7affce','555','a4072f84-e09f-4fb2-b497-c1b58b9dbdca','2022-05-25 16:39:24.904','2022-05-25 16:39:24.904',NULL);

/*Table structure for table `user` */

DROP TABLE IF EXISTS `user`;

CREATE TABLE `user` (
  `user_id` varchar(191) NOT NULL,
  `phone` longtext NOT NULL,
  `password` longtext NOT NULL,
  `email` longtext,
  `role` bigint DEFAULT NULL,
  `class_id` longtext,
  `real_name` longtext,
  `nick_name` longtext,
  `hobby` longtext,
  `address` longtext,
  `sex` bigint DEFAULT NULL,
  `age` bigint DEFAULT NULL,
  `created_at` datetime(3) DEFAULT NULL,
  `updated_at` datetime(3) DEFAULT NULL,
  `deleted_at` datetime(3) DEFAULT NULL,
  PRIMARY KEY (`user_id`)
) ENGINE=InnoDB DEFAULT CHARSET=utf8mb4 COLLATE=utf8mb4_0900_ai_ci;

/*Data for the table `user` */

insert  into `user`(`user_id`,`phone`,`password`,`email`,`role`,`class_id`,`real_name`,`nick_name`,`hobby`,`address`,`sex`,`age`,`created_at`,`updated_at`,`deleted_at`) values ('2a0bf5e0-87fd-458e-a111-6d420c602195','15090388083','$2a$10$kM2K5poon3NX7RwL9qouiOyFC/IzjPVZn3mtB2s8yCmQXZFDN5PDq','2921455327@qq.com',0,'','','','','',0,0,'2022-05-14 16:36:34.828','2022-05-14 16:36:34.828',NULL),('40fe17f7-8100-4417-8170-f6fc479d2215','13355667788','$2a$10$aAKvL768UAhGPxrwrY9L1ueay./Zyg.p77irRZgouQzdQblHivN6O','123@163.com',1,'a74392a6-f7f1-41ee-8d04-e4ad52dac35c','','张三','','',0,18,'2022-05-24 09:31:43.535','2022-05-24 09:32:31.826',NULL),('4c0470f5-65be-4378-b118-190dd888015d','1','$2a$10$mBYQ4boSsbt2ModMQrpp8OhgaYi6VSjSmb4M3YUF8WpeMntQNVmh.','1',1,'9a6f8547-bd09-4585-b3b9-7c6531d1cb0b','','','','',0,0,'2022-05-13 14:36:58.133','2022-05-13 14:36:58.133',NULL),('5d8378d9-ffd9-4a74-b42f-4d0dd51f4302','2','$2a$10$0deUxi/kRzKHI4SZwt8pees6/5D.n6s9L4fRnhO/BGODYhDaMrkU6','1',1,'9a6f8547-bd09-4585-b3b9-7c6531d1cb0b','','','','',0,0,'2022-05-13 14:46:10.713','2022-05-13 14:46:10.713',NULL),('6d68d487-4d99-415c-bb81-34625910467a','123','$2a$10$BaYg8CRWMn9Oq374fyTLi.BhHkln0vaRhVTayMZv.DnmtdbIW.Mle','123',1,'a74392a6-f7f1-41ee-8d04-e4ad52dac35c','lisi','','','',0,0,'2022-05-14 20:42:05.540','2022-05-14 20:42:05.540',NULL),('79ba7113-905c-46df-8fbe-7c201be91a7f','17805135656','$2a$10$YA03Qcfd7Fdfdc1dC9Oy7OWgEfg2984GTpIEAlxmkgd1dcoSiC3DG','123@qq.com',1,'dc9bc03d-d034-4ae4-882b-807e1484e8a6','','cm','玩手机','江苏南京',0,18,'2022-05-23 11:20:41.310','2022-05-23 11:22:10.465',NULL),('90e8ceed-dc9f-49ab-850a-02b756f9f588','15090388082','$2a$10$l3yMI9.xCXVsn0OcbMDvOunAsVZXj1/2p6d8AP/3ijUSUocEHukPu','2921455324@qq.com',0,'','','','','',0,0,'2022-05-14 16:06:05.306','2022-05-14 16:06:05.306',NULL),('a4072f84-e09f-4fb2-b497-c1b58b9dbdca','15090388081','$2a$10$44TfCBJ/MsqkIeabLb/xWOnsM6VzH89INwY0sqScF8YfNJ2l2Rzli','1234567890@qq.com',0,'','yzx','qwe qwe','game','13245687',1,19,'2022-05-15 10:45:11.987','2022-05-15 16:21:35.648',NULL),('bdf2af76-2020-44e0-8f65-b085429a05c1','15090388072','$2a$10$4gOfAMMzJ0ia.vk4snppZO9UwK/oj9xr4wPCZH/2GNmLz1c7FGpD6','1363164027@qq.com',1,'9a6f8547-bd09-4585-b3b9-7c6531d1cb0b','','qwe','','',0,0,'2022-05-15 08:57:21.071','2022-05-15 09:40:27.645',NULL),('e9afb4df-6a08-4506-be6e-72593567f1d5','17805135726','$2a$10$D/bRNsUsdLaISUsefeR1a.Md0bu0snbzPHxIgaKGNeZH0iokTT6Qa','123@qq.com',1,'a74392a6-f7f1-41ee-8d04-e4ad52dac35c','','mm','','',0,0,'2022-05-23 11:44:30.718','2022-05-23 11:51:47.428',NULL),('f56772b2-13e3-4162-9cee-eea83e2fff40','666','$2a$10$LznPezvP7TZa2NTzTQ.bNuwguw6nPEYXcVn.cbfWlqxy2XT2qNTBy','1',0,'e5f4a7fb-1535-485d-b730-abf4b868641f','','','','',0,0,'2022-05-13 14:49:25.363','2022-05-13 14:49:25.363',NULL);

/*!40101 SET SQL_MODE=@OLD_SQL_MODE */;
/*!40014 SET FOREIGN_KEY_CHECKS=@OLD_FOREIGN_KEY_CHECKS */;
/*!40014 SET UNIQUE_CHECKS=@OLD_UNIQUE_CHECKS */;
/*!40111 SET SQL_NOTES=@OLD_SQL_NOTES */;
